Read_ID	Target_ID_x	log_P	Gene	Reference	aln_len	max_aln_len	max_log_P	#id	length	type	Target_ID_y	aln_len_ratio	fidelity	ref_len_weighted_log_P
e859a08f-d28c-4908-bb8b-bd2fcac93ed0	1639	-0.4129730844680416	RpoA	1639:mob_dbs_refseq221_43markers/RpoA:15727	869	869	-0.4129730844680416	1639:mob_dbs_refseq221_43markers/RpoA:15727	945.0	43markers/RpoA	1639.0	0.9195767195767196	-0.00047522794530269457	-0.4968148866963923
e859a08f-d28c-4908-bb8b-bd2fcac93ed0	2678528	-0.4182041338855942	RpoA	2678528:mob_dbs_refseq221_43markers/RpoA:15683	869	869	-0.4129730844680416	2678528:mob_dbs_refseq221_43markers/RpoA:15683	945.0	43markers/RpoA	2678528.0	0.9195767195767196	-0.00048124756488560896	-0.5020459361139449
e859a08f-d28c-4908-bb8b-bd2fcac93ed0	1639	-0.43940634153619706	RpoA	1639:mob_dbs_refseq221_43markers/RpoA:15728	869	869	-0.4129730844680416						-0.0005056459626423442	
e769a458-fa37-42d1-8b90-842c45be17d7	1639	-0.42204423691107557	ValS	1639:mob_dbs_refseq221_43markers/ValS:27861	2007	2007	-0.42204423691107557	1639:mob_dbs_refseq221_43markers/ValS:27861	2652.0	43markers/ValS	1639.0	0.7567873303167421	-0.0002102861170458772	-0.7007172394204906
e769a458-fa37-42d1-8b90-842c45be17d7	2678528	-0.4228044041844732	ValS	2678528:mob_dbs_refseq221_43markers/ValS:27773	2007	2007	-0.42204423691107557	2678528:mob_dbs_refseq221_43markers/ValS:27773	2652.0	43markers/ValS	2678528.0	0.7567873303167421	-0.00021066487502963287	-0.7014774066938883
