Read_ID	Target_ID	log_P	Gene	Reference	aln_len	max_aln_len	max_log_P
e859a08f-d28c-4908-bb8b-bd2fcac93ed0	1639	-0.4129730844680416	RpoA	1639:mob_dbs_refseq221_43markers/RpoA:15727	869	869	-0.4129730844680416
e859a08f-d28c-4908-bb8b-bd2fcac93ed0	2678528	-0.4182041338855942	RpoA	2678528:mob_dbs_refseq221_43markers/RpoA:15683	869	869	-0.4129730844680416
e859a08f-d28c-4908-bb8b-bd2fcac93ed0	1639	-0.439406341536197	RpoA	1639:mob_dbs_refseq221_43markers/RpoA:15728	869	869	-0.4129730844680416
e769a458-fa37-42d1-8b90-842c45be17d7	1639	-0.42204423691107557	ValS	1639:mob_dbs_refseq221_43markers/ValS:27861	2007	2007	-0.42204423691107557
e769a458-fa37-42d1-8b90-842c45be17d7	2678528	-0.4228044041844732	ValS	2678528:mob_dbs_refseq221_43markers/ValS:27773	2007	2007	-0.42204423691107557
